#,Player,Team,GP,MPG,PPG,FGM,FGA,FG%,3PM,3PA,3P%,FTM,FTA,FT%,ORB,DRB,RPG,APG,SPG,BPG,TOV,PF
1,Nikola Jokic,DEN,5,40.4,29.2,12.0,21.2,0.566,1.6,5.4,0.296,3.6,5.6,0.643,3.2,11.8,15.0,9.8,1.4,0.8,3.4,3.2
2,Walker Kessler,UTA,5,29.4,12.2,5.4,7.8,0.692,0.0,0.0,0.0,1.4,3.2,0.438,6.0,8.2,14.2,1.6,0.6,3.8,1.8,1.2
3,Giannis Antetokounmpo,MIL,5,31.6,28.4,11.6,19.6,0.592,0.0,0.4,0.0,5.2,8.2,0.634,3.2,9.6,12.8,5.4,1.0,0.4,2.8,1.8
4,Ivica Zubac,LAC,5,38.8,21.0,9.8,16.0,0.613,0.0,0.0,0.0,1.4,2.6,0.538,3.4,9.4,12.8,2.8,0.2,1.2,0.8,2.8
5,Jonas Valanciunas,SAC,5,27.3,11.6,4.8,9.4,0.511,0.0,0.6,0.0,2.0,2.8,0.714,2.8,10.0,12.8,4.0,1.0,0.8,1.6,3.2
6,Anthony Davis,DAL,5,28.9,26.4,10.2,18.0,0.567,0.4,1.6,0.25,5.6,6.8,0.824,3.8,8.6,12.4,3.0,1.0,1.8,1.8,1.4
7,Domantas Sabonis,SAC,5,27.3,11.2,4.8,9.0,0.533,0.4,2.2,0.182,1.2,2.0,0.6,3.6,8.6,12.2,5.2,0.4,0.2,3.2,1.4
8,Victor Wembanyama,SAS,5,34.1,21.2,7.8,16.6,0.47,2.0,6.8,0.294,3.6,4.6,0.783,2.2,9.8,12.0,3.4,1.2,3.0,1.8,2.8
9,Bobby Portis,MIL,5,29.8,16.4,6.8,15.2,0.447,1.6,4.4,0.364,1.2,1.4,0.857,2.6,9.0,11.6,4.2,0.6,0.8,1.2,3.0
10,Mark Williams,CHA,5,28.9,17.2,7.2,10.2,0.706,0.0,0.0,0.0,2.8,3.8,0.737,2.4,9.0,11.4,2.0,1.0,1.8,1.8,1.8
11,Karl-Anthony Towns,NYK,5,36.5,20.2,6.6,14.4,0.458,2.0,5.4,0.37,5.0,6.2,0.806,2.8,8.4,11.2,2.0,1.2,0.6,3.0,4.0
12,Jarrett Allen,CLE,5,30.4,15.4,5.6,9.0,0.622,0.0,0.0,0.0,4.2,4.8,0.875,2.8,8.2,11.0,1.6,2.0,1.4,1.0,1.4
13,Deni Avdija,POR,5,35.9,22.4,7.0,14.0,0.5,2.2,5.0,0.44,6.2,7.8,0.795,2.2,8.8,11.0,5.4,0.4,0.4,4.4,2.2
14,Jalen Duren,DET,5,27.6,14.2,6.0,9.0,0.667,0.0,0.0,0.0,2.2,3.4,0.647,3.2,7.8,11.0,1.6,0.8,0.6,1.0,4.0
15,Josh Hart,NYK,5,39.2,12.6,4.6,11.8,0.39,1.8,5.2,0.346,1.6,2.6,0.615,2.2,8.8,11.0,4.6,1.0,0.0,2.6,2.2
16,Jayson Tatum,BOS,5,39.4,34.0,12.2,25.2,0.484,4.0,11.8,0.339,5.6,6.4,0.875,1.8,9.0,10.8,6.8,1.0,0.8,4.0,3.2
17,Onyeka Okongwu,ATL,5,30.8,12.8,5.2,9.6,0.542,0.8,1.8,0.444,1.6,1.8,0.889,5.0,5.6,10.6,2.0,1.0,1.2,0.8,3.0
18,Bam Adebayo,MIA,5,38.5,22.8,8.0,15.8,0.506,1.4,3.8,0.368,5.4,6.2,0.871,1.8,8.6,10.4,5.2,2.2,0.0,1.6,1.8
19,LeBron James,LAL,5,36.9,26.4,10.0,20.4,0.49,2.0,7.4,0.27,4.4,5.4,0.815,1.2,9.2,10.4,7.0,0.8,0.8,3.6,1.8
20,Amen Thompson,HOU,5,36.5,16.0,7.4,12.4,0.597,0.2,1.6,0.125,1.0,2.4,0.417,3.6,6.8,10.4,5.0,0.4,0.8,2.2,1.8
21,Rudy Gobert,MIN,5,30.2,14.8,5.8,8.4,0.69,0.0,0.0,0.0,3.2,4.2,0.762,4.2,6.0,10.2,2.2,0.6,1.0,1.2,2.8
22,Deandre Ayton,POR,5,29.0,13.4,5.4,11.8,0.458,0.0,0.2,0.0,2.6,3.2,0.813,3.8,6.4,10.2,2.0,0.6,1.2,1.8,3.0
23,Josh Giddey,CHI,5,35.6,22.2,7.6,15.8,0.481,1.4,4.4,0.318,5.6,6.8,0.824,1.4,8.6,10.0,8.8,0.6,0.6,2.4,2.0
24,Donovan Clingan,POR,5,25.9,6.8,2.8,5.6,0.5,0.2,1.2,0.167,1.0,1.8,0.556,3.2,6.6,9.8,2.4,0.2,2.2,1.4,3.2
25,Nikola Vucevic,CHI,5,29.4,15.2,6.0,12.6,0.476,1.4,3.2,0.438,1.8,2.0,0.9,1.8,7.8,9.6,2.2,0.0,0.2,2.8,2.4
26,Evan Mobley,CLE,5,32.8,17.8,6.6,12.0,0.55,1.0,3.0,0.333,3.6,5.6,0.643,2.4,7.0,9.4,3.6,0.8,1.2,3.0,2.2
27,Zach Collins,CHI,5,23.9,11.4,4.2,7.2,0.583,1.2,2.6,0.462,1.8,2.0,0.9,2.2,7.2,9.4,2.4,1.0,1.2,1.2,3.2
28,Luka Doncic,LAL,5,38.2,32.6,10.2,23.4,0.436,5.0,11.6,0.431,7.2,9.4,0.766,0.8,8.4,9.2,9.0,2.0,0.4,5.2,2.0
29,Miles Bridges,CHA,5,36.6,32.2,11.2,22.0,0.509,3.4,8.6,0.395,6.4,7.4,0.865,1.0,8.0,9.0,4.4,1.0,1.4,1.8,1.6
30,Naji Marshall,DAL,5,37.3,24.6,9.6,18.8,0.511,1.6,6.0,0.267,3.8,4.6,0.826,2.0,7.0,9.0,4.0,1.6,0.0,3.0,1.4
31,Tobias Harris,DET,5,34.4,15.8,5.8,12.0,0.483,1.2,3.0,0.4,3.0,3.6,0.833,1.2,7.6,8.8,2.0,1.4,0.6,1.4,2.0
32,Isaiah Hartenstein,OKC,5,27.1,11.8,5.0,8.4,0.595,0.0,0.2,0.0,1.8,2.0,0.9,1.6,7.2,8.8,2.8,1.0,0.4,0.8,3.2
33,"Michael Porter, Jr.",DEN,5,36.9,16.0,6.4,13.4,0.478,1.6,5.8,0.276,1.6,2.2,0.727,1.6,7.2,8.8,1.4,0.4,0.6,0.8,2.6
34,Kel'el Ware,MIA,5,25.1,6.6,2.8,5.4,0.519,0.0,1.0,0.0,1.0,1.2,0.833,2.0,6.8,8.8,1.0,0.8,1.8,1.6,2.2
35,Desmond Bane,MEM,5,35.1,19.8,7.8,17.2,0.453,1.8,4.8,0.375,2.4,2.8,0.857,0.4,8.2,8.6,5.4,1.4,1.0,1.2,2.6
36,Al Horford,BOS,5,35.0,13.6,4.8,9.6,0.5,2.2,5.2,0.423,1.8,2.0,0.9,1.8,6.8,8.6,3.2,1.4,1.0,1.4,1.2
37,Scottie Barnes,TOR,5,28.8,16.2,5.8,15.8,0.367,0.4,2.6,0.154,4.2,5.4,0.778,3.4,5.2,8.6,4.2,2.0,1.0,2.4,1.4
38,Daniel Gafford,DAL,5,27.1,9.0,3.6,5.6,0.643,0.0,0.0,0.0,1.8,3.0,0.6,3.0,5.6,8.6,2.2,0.2,3.0,1.4,2.4
39,Jalen Johnson,ATL,5,30.8,12.8,5.2,12.2,0.426,0.2,2.2,0.091,2.2,3.0,0.733,1.2,7.4,8.6,2.6,1.6,0.6,2.4,1.0
40,Andre Drummond,PHL,5,21.6,9.6,4.0,9.2,0.435,0.4,1.4,0.286,1.2,1.6,0.75,3.4,5.2,8.6,1.4,0.6,0.8,0.4,2.4
41,Robert Williams,POR,5,20.3,5.4,2.6,5.0,0.52,0.0,0.0,0.0,0.2,0.4,0.5,2.4,6.2,8.6,0.8,0.6,1.8,0.8,2.2
42,Richaun Holmes,WAS,5,20.4,10.4,4.2,7.2,0.583,0.0,0.0,0.0,2.0,2.4,0.833,2.8,5.6,8.4,2.4,0.8,0.4,0.6,1.4
43,Orlando Robinson,TOR,5,26.3,10.8,4.0,9.2,0.435,0.8,1.6,0.5,2.0,2.4,0.833,4.2,4.2,8.4,3.0,0.8,1.0,1.6,2.2
44,Alex Sarr,WAS,5,28.1,14.8,5.4,13.6,0.397,1.6,4.6,0.348,2.4,3.8,0.632,2.6,5.8,8.4,2.8,0.2,2.2,2.4,2.2
45,Chet Holmgren,OKC,5,26.7,12.6,4.8,10.8,0.444,0.8,4.0,0.2,2.2,3.4,0.647,1.8,6.6,8.4,2.0,0.4,2.0,1.4,2.6
46,Zach Edey,MEM,5,22.2,8.6,4.0,8.2,0.488,0.2,0.2,1.0,0.4,0.6,0.667,4.6,3.8,8.4,0.8,0.4,1.2,0.4,2.2
47,Joel Embiid,PHL,5,31.2,21.2,5.8,14.6,0.397,1.2,4.8,0.25,8.4,9.6,0.875,2.0,6.2,8.2,5.0,0.4,1.0,3.2,2.2
48,Nick Richards,PHX,5,22.9,12.4,5.6,7.8,0.718,0.0,0.0,0.0,1.2,1.4,0.857,2.0,6.2,8.2,0.8,0.0,0.6,1.2,2.8
49,Dereck Lively II,DAL,5,23.5,12.0,5.4,7.6,0.711,0.0,0.0,0.0,1.2,1.4,0.857,3.4,4.6,8.0,2.6,0.0,1.8,1.2,3.2
50,Steven Adams,HOU,5,17.4,4.8,2.0,3.4,0.588,0.0,0.0,0.0,0.8,1.8,0.444,4.2,3.8,8.0,2.2,0.6,0.4,1.2,1.2
51,Paolo Banchero,ORL,5,36.9,29.8,10.4,19.2,0.542,2.8,6.2,0.452,6.2,7.4,0.838,1.0,6.8,7.8,4.0,2.0,0.6,2.0,2.2
52,Julius Randle,MIN,5,31.3,18.6,6.2,12.4,0.5,1.4,4.4,0.318,4.8,5.6,0.857,3.0,4.8,7.8,7.2,0.6,0.2,3.2,2.0
53,Nicolas Claxton,BRK,5,30.6,11.0,5.2,8.0,0.65,0.0,0.2,0.0,0.6,1.2,0.5,2.2,5.6,7.8,4.4,0.6,1.4,0.8,3.4
54,John Collins,UTA,5,32.4,24.4,9.6,18.0,0.533,1.8,6.4,0.281,3.4,5.0,0.68,2.2,5.6,7.8,1.0,0.8,0.4,1.8,2.4
55,R.J. Barrett,TOR,5,32.0,19.6,7.0,16.2,0.432,2.2,5.2,0.423,3.4,5.8,0.586,1.6,6.2,7.8,6.6,0.4,0.4,3.4,1.8
56,Alperen Sengun,HOU,5,34.8,20.2,8.4,12.0,0.7,0.4,0.4,1.0,3.0,4.4,0.682,3.2,4.4,7.6,6.4,1.2,0.8,4.2,3.6
57,Kyle Filipowski,UTA,5,23.8,16.0,6.2,11.6,0.534,1.4,4.2,0.333,2.2,3.2,0.688,2.8,4.8,7.6,1.8,1.0,0.4,1.0,2.8
58,Oscar Tshiebwe,UTA,5,13.2,6.6,2.8,4.4,0.636,0.0,0.0,0.0,1.0,1.2,0.833,2.4,5.2,7.6,0.6,0.4,0.0,0.2,1.0
59,Kevin Durant,PHX,5,40.6,27.6,9.4,17.8,0.528,3.4,6.4,0.531,5.4,5.8,0.931,0.4,7.0,7.4,4.4,0.4,1.0,3.8,1.4
60,Colin Castleton,TOR,5,25.7,4.6,2.0,4.8,0.417,0.0,0.2,0.0,0.6,1.0,0.6,2.8,4.6,7.4,2.0,0.6,1.0,1.2,3.0
61,Mason Plumlee,PHX,5,22.2,11.8,4.4,5.6,0.786,0.0,0.2,0.0,3.0,4.2,0.714,2.0,5.2,7.2,1.2,0.4,0.2,0.8,2.4
62,Jalen Smith,CHI,5,18.1,7.4,2.8,7.2,0.389,1.0,4.2,0.238,0.8,1.2,0.667,1.6,5.6,7.2,1.4,0.6,1.0,0.6,2.4
63,Brandon Clarke,MEM,5,21.9,10.2,4.2,7.0,0.6,0.0,0.0,0.0,1.8,2.2,0.818,2.6,4.4,7.0,1.2,1.0,1.2,0.4,2.6
64,Tari Eason,HOU,5,28.0,13.8,5.8,12.8,0.453,1.6,5.2,0.308,0.6,0.8,0.75,2.6,4.4,7.0,2.4,1.4,0.8,1.8,2.2
65,Clint Capela,ATL,5,16.9,7.4,3.4,7.0,0.486,0.0,0.0,0.0,0.6,1.2,0.5,3.2,3.8,7.0,0.8,1.0,1.0,0.2,1.8
66,Zion Williamson,NOP,5,29.4,23.8,9.6,17.0,0.565,0.0,0.0,0.0,4.6,6.4,0.719,2.2,4.6,6.8,5.8,0.8,0.8,3.0,2.4
67,Karlo Matkovic,NOP,5,23.3,10.6,4.4,7.2,0.611,0.6,1.6,0.375,1.2,1.8,0.667,2.2,4.6,6.8,1.4,0.6,1.4,0.8,3.2
68,Jericho Sims,MIL,5,16.1,4.4,2.2,2.4,0.917,0.0,0.0,0.0,0.0,0.0,0.0,1.8,5.0,6.8,0.8,0.4,1.0,0.6,1.2
69,Draymond Green,GOS,5,31.4,10.8,3.2,6.6,0.485,1.4,3.0,0.467,3.0,3.8,0.789,1.0,5.6,6.6,7.2,2.0,0.4,3.0,3.4
70,Kawhi Leonard,LAC,5,38.0,24.0,9.4,20.0,0.47,2.0,6.8,0.294,3.2,4.4,0.727,1.8,4.8,6.6,2.8,1.2,0.6,2.0,2.0
71,Grant Williams,CHA,5,34.1,11.4,3.6,8.2,0.439,1.4,3.8,0.368,2.8,3.0,0.933,1.6,5.0,6.6,2.4,0.6,1.2,1.4,2.4
72,Bismack Biyombo,SAS,5,19.3,7.0,3.2,4.4,0.727,0.0,0.0,0.0,0.6,1.6,0.375,2.0,4.6,6.6,1.0,0.8,1.0,1.0,1.8
73,Dejounte Murray,NOP,5,30.8,20.8,6.8,16.0,0.425,1.2,4.6,0.261,6.0,7.0,0.857,0.6,5.8,6.4,6.4,1.0,0.2,2.6,1.6
74,Jakob Poeltl,TOR,5,22.7,14.6,6.0,8.8,0.682,0.0,0.0,0.0,2.6,2.8,0.929,2.4,4.0,6.4,3.0,1.8,0.8,2.0,3.0
75,Jaylen Brown,BOS,5,38.9,21.4,7.8,19.6,0.398,1.0,4.8,0.208,4.8,6.0,0.8,1.0,5.4,6.4,5.4,2.2,0.8,3.0,2.6
76,Paul George,PHL,5,36.0,16.6,6.2,14.0,0.443,2.2,6.6,0.333,2.0,2.6,0.769,0.8,5.6,6.4,4.2,2.4,0.8,3.0,2.2
77,Naz Reid,MIN,5,30.9,15.8,6.2,13.0,0.477,3.2,7.4,0.432,0.2,0.4,0.5,0.8,5.6,6.4,2.6,0.4,1.2,2.0,2.8
78,Neemias Queta,BOS,5,16.1,5.6,2.8,4.8,0.583,0.0,0.2,0.0,0.0,0.0,0.0,2.2,4.2,6.4,1.4,0.2,0.8,1.2,1.8
79,Jusuf Nurkic,CHA,5,15.2,5.4,2.0,4.6,0.435,0.0,1.0,0.0,1.4,2.4,0.583,2.0,4.4,6.4,1.4,0.6,0.4,0.8,2.0
80,Devin Vassell,SAS,5,34.1,20.0,7.6,15.4,0.494,3.6,8.0,0.45,1.2,1.2,1.0,0.8,5.4,6.2,3.8,2.4,1.0,1.2,2.4
81,Jaden McDaniels,MIN,5,34.3,18.2,8.0,13.6,0.588,1.8,4.4,0.409,0.4,0.4,1.0,2.2,4.0,6.2,3.6,1.4,1.0,0.6,2.0
82,Pascal Siakam,IND,5,32.1,22.8,8.8,16.6,0.53,1.6,5.2,0.308,3.6,4.4,0.818,1.4,4.8,6.2,3.4,0.8,0.2,2.0,2.0
83,Lauri Markkanen,UTA,5,32.0,18.8,6.8,16.2,0.42,3.0,8.4,0.357,2.2,2.2,1.0,1.6,4.6,6.2,0.4,0.8,0.0,1.2,1.4
84,Moses Brown,DAL,5,14.7,9.4,4.2,5.8,0.724,0.0,0.0,0.0,1.0,1.2,0.833,1.6,4.6,6.2,0.4,0.8,0.6,1.0,2.2
85,"Wendell Carter, Jr.",ORL,5,27.4,8.4,2.8,7.2,0.389,0.6,2.8,0.214,2.2,2.4,0.917,2.4,3.8,6.2,1.6,0.4,0.6,0.8,3.8
86,Jimmy Butler III,GOS,5,33.9,18.2,5.6,11.4,0.491,0.6,1.6,0.375,6.4,7.2,0.889,1.6,4.4,6.0,6.4,1.4,0.0,1.8,0.4
87,Dyson Daniels,ATL,5,34.0,15.6,6.8,12.8,0.531,1.2,2.2,0.545,0.8,1.4,0.571,0.8,5.2,6.0,5.4,2.8,0.4,2.4,2.2
88,Santi Aldama,MEM,5,28.1,12.4,5.2,10.6,0.491,2.0,5.6,0.357,0.0,0.0,0.0,1.0,5.0,6.0,4.4,1.0,0.4,0.8,1.4
89,"Jabari Smith, Jr.",HOU,5,31.0,14.0,5.0,11.6,0.431,2.2,6.6,0.333,1.8,3.0,0.6,1.8,4.2,6.0,1.0,0.6,0.4,0.4,2.0
90,Jaxson Hayes,LAL,5,26.4,9.6,3.6,4.6,0.783,0.0,0.0,0.0,2.4,3.2,0.75,2.0,4.0,6.0,1.0,0.2,1.4,1.4,3.4
91,Jarred Vanderbilt,LAL,5,21.5,5.8,2.4,4.4,0.545,0.6,1.6,0.375,0.4,0.6,0.667,1.8,4.2,6.0,1.2,1.2,0.6,0.6,1.8
92,Jonathan Kuminga,GOS,5,25.4,20.6,7.0,12.4,0.565,1.4,2.8,0.5,5.2,7.8,0.667,1.4,4.4,5.8,2.6,0.8,0.2,1.2,2.2
93,OG Anunoby,NYK,5,40.7,21.4,7.4,17.4,0.425,3.2,8.6,0.372,3.4,4.6,0.739,2.2,3.6,5.8,3.2,1.6,0.6,2.2,2.8
94,Bogdan Bogdanovic,LAC,5,28.7,15.6,5.8,11.0,0.527,1.8,4.4,0.409,2.2,2.2,1.0,1.0,4.8,5.8,3.0,0.4,0.4,2.0,1.4
95,Myles Turner,IND,5,29.0,15.0,5.2,10.6,0.491,1.6,5.2,0.308,3.0,3.6,0.833,0.8,5.0,5.8,1.6,0.6,2.2,1.4,2.6
96,Adem Bona,PHL,5,19.3,9.2,4.0,6.0,0.667,0.0,0.0,0.0,1.2,1.6,0.75,2.8,3.0,5.8,1.0,0.8,1.8,0.8,1.2
97,Rui Hachimura,LAL,5,33.4,12.8,5.0,10.6,0.472,1.6,6.0,0.267,1.2,2.0,0.6,1.6,4.2,5.8,2.0,0.4,0.6,0.6,1.2
98,Justin Champagnie,WAS,5,22.9,9.0,3.2,7.0,0.457,1.6,3.4,0.471,1.0,1.0,1.0,1.8,4.0,5.8,1.2,1.2,0.8,0.6,2.2
99,Luke Kornet,BOS,5,22.1,6.2,2.6,3.6,0.722,0.0,0.0,0.0,1.0,2.0,0.5,3.2,2.6,5.8,1.6,0.4,1.2,0.8,2.0
100,Shaedon Sharpe,POR,5,35.2,17.2,6.6,14.2,0.465,1.8,6.2,0.29,2.2,2.6,0.846,1.4,4.4,5.8,3.0,0.4,0.0,3.2,2.4
101,Yves Missi,NOP,5,26.7,9.0,3.4,6.0,0.567,0.0,0.0,0.0,2.2,3.6,0.611,3.2,2.6,5.8,1.4,1.0,0.6,1.4,1.4
102,P.J. Washington,DAL,5,26.2,10.2,3.6,9.8,0.367,1.2,3.8,0.316,1.8,2.8,0.643,1.0,4.8,5.8,2.4,0.8,1.6,1.6,2.2
103,Chris Boucher,TOR,5,16.3,7.0,2.6,6.4,0.406,0.8,3.0,0.267,1.0,1.4,0.714,2.6,3.2,5.8,1.2,0.2,0.2,0.4,0.6
104,James Harden,LAC,5,39.3,31.0,8.6,19.6,0.439,4.2,11.0,0.382,9.6,11.8,0.814,0.8,4.8,5.6,10.2,1.0,0.6,4.6,1.4
105,DeMar DeRozan,SAC,5,37.6,24.4,8.6,18.8,0.457,1.2,4.0,0.3,6.0,6.6,0.909,1.6,4.0,5.6,6.8,0.6,0.0,2.0,2.0
106,Anthony Edwards,MIN,5,34.4,22.8,7.6,15.6,0.487,3.6,8.8,0.409,4.0,5.4,0.741,0.4,5.2,5.6,4.4,0.8,0.2,2.0,1.4
107,Russell Westbrook,DEN,5,31.6,15.6,6.2,12.4,0.5,2.0,4.6,0.435,1.2,1.6,0.75,2.6,3.0,5.6,4.0,1.2,0.8,2.6,2.2
108,LaMelo Ball,CHA,5,32.0,21.2,6.8,20.8,0.327,3.2,10.8,0.296,4.4,5.0,0.88,1.6,4.0,5.6,7.8,1.0,0.4,3.6,4.2
109,Kristaps Porzingis,BOS,5,31.0,17.8,6.6,13.6,0.485,2.2,5.6,0.393,2.4,3.6,0.667,1.2,4.4,5.6,1.4,1.2,1.4,2.2,3.0
110,Kelly Olynyk,NOP,5,25.9,11.4,4.0,8.0,0.5,1.0,2.2,0.455,2.4,3.4,0.706,1.6,4.0,5.6,3.6,0.8,0.8,1.6,2.8
111,Jabari Walker,POR,5,17.9,9.0,3.2,6.0,0.533,2.2,2.8,0.786,0.4,1.0,0.4,1.6,4.0,5.6,0.6,0.4,0.0,0.2,1.8
112,Day'Ron Sharpe,BRK,5,17.4,5.8,2.4,5.0,0.48,0.2,0.6,0.333,0.8,1.2,0.667,2.2,3.4,5.6,1.4,1.0,1.2,0.8,1.2
113,Isaiah Jackson,IND,5,16.8,7.0,2.8,4.6,0.609,0.0,0.0,0.0,1.4,2.8,0.5,2.2,3.4,5.6,1.0,0.6,1.6,1.0,2.8
114,Cameron Johnson,BRK,5,32.4,18.8,6.8,12.4,0.548,2.6,5.4,0.481,2.6,3.6,0.722,1.6,3.8,5.4,3.8,2.0,0.4,1.4,2.8
115,Tre Jones,CHI,5,33.3,14.0,5.6,11.2,0.5,0.8,1.6,0.5,2.0,2.6,0.769,1.6,3.8,5.4,6.0,1.2,0.6,1.0,1.4
116,Kyrie Irving,DAL,5,31.6,23.0,8.2,19.2,0.427,2.0,7.0,0.286,4.6,4.6,1.0,1.6,3.8,5.4,3.4,1.4,1.2,1.8,1.6
117,Franz Wagner,ORL,5,36.2,21.2,8.4,18.2,0.462,1.0,3.6,0.278,3.4,4.0,0.85,0.6,4.8,5.4,4.4,1.2,0.2,2.0,3.2
118,Jalen Green,HOU,5,32.6,15.8,5.2,14.4,0.361,2.4,7.2,0.333,3.0,3.6,0.833,0.2,5.2,5.4,5.0,1.2,0.2,2.6,0.6
119,Bilal Coulibaly,WAS,5,29.0,10.6,4.0,10.0,0.4,1.0,3.4,0.294,1.6,2.2,0.727,2.8,2.6,5.4,1.6,1.6,0.8,1.8,1.4
120,Moussa Diabate,CHA,5,15.9,6.4,3.0,4.8,0.625,0.0,0.0,0.0,0.4,0.4,1.0,3.4,2.0,5.4,1.4,0.6,0.4,1.0,2.4
121,Jaylen Wells,MEM,5,25.5,4.4,1.4,7.4,0.189,1.0,5.6,0.179,0.6,1.2,0.5,2.0,3.4,5.4,1.6,0.6,0.4,1.4,1.8
122,Jalen Williams,OKC,5,30.4,24.6,8.4,16.2,0.519,2.4,5.2,0.462,5.4,6.2,0.871,0.4,4.8,5.2,6.4,1.2,0.8,1.4,1.6
123,Cade Cunningham,DET,5,36.5,32.2,10.8,21.4,0.505,1.4,5.2,0.269,9.2,10.2,0.902,0.4,4.8,5.2,8.0,1.2,0.8,5.8,4.0
124,Tyler Herro,MIA,5,35.3,22.2,9.0,18.0,0.5,2.4,6.4,0.375,1.8,2.4,0.75,0.4,4.8,5.2,5.6,1.2,1.0,2.0,0.6
125,Coby White,CHI,5,35.8,30.0,10.8,22.2,0.486,3.2,9.8,0.327,5.2,5.8,0.897,0.4,4.8,5.2,3.8,1.0,0.2,2.2,2.0
126,Devin Booker,PHX,5,40.0,24.0,8.4,17.4,0.483,2.2,6.6,0.333,5.0,6.4,0.781,0.8,4.4,5.2,6.2,0.8,0.0,3.4,3.4
127,Ben Simmons,LAC,5,21.1,6.8,2.8,4.8,0.583,0.0,0.0,0.0,1.2,1.4,0.857,1.2,4.0,5.2,5.0,1.4,0.6,0.4,2.2
128,Keldon Johnson,SAS,5,24.3,17.0,6.6,11.4,0.579,1.6,4.2,0.381,2.2,2.6,0.846,1.8,3.4,5.2,1.2,0.4,0.2,1.4,0.8
129,De'Andre Hunter,CLE,5,24.6,15.0,4.4,9.2,0.478,1.6,4.6,0.348,4.6,5.2,0.885,1.2,4.0,5.2,1.6,0.2,0.4,0.6,2.2
130,A.J. Lawson,TOR,5,30.7,17.2,5.6,14.2,0.394,3.2,8.6,0.372,2.8,4.2,0.667,1.6,3.6,5.2,1.6,0.6,0.4,0.8,3.4
131,Jerami Grant,POR,5,32.7,14.4,4.2,12.2,0.344,2.8,8.0,0.35,3.2,3.6,0.889,0.6,4.6,5.2,1.8,1.4,0.4,1.6,1.4
132,Jared Rhoden,TOR,5,29.1,13.4,4.4,10.2,0.431,1.6,5.2,0.308,3.0,3.6,0.833,1.8,3.4,5.2,1.2,1.2,0.4,1.2,2.4
133,K.J. Simpson,CHA,5,29.4,11.6,4.6,11.2,0.411,1.2,4.2,0.286,1.2,1.4,0.857,1.6,3.6,5.2,4.0,1.2,0.0,2.4,1.8
134,Brandin Podziemski,GOS,5,24.3,10.2,3.8,10.4,0.365,1.6,5.2,0.308,1.0,1.2,0.833,1.4,3.8,5.2,3.0,0.6,0.6,1.0,1.4
135,Ausar Thompson,DET,5,21.6,7.8,3.2,7.6,0.421,0.2,0.6,0.333,1.2,2.0,0.6,3.2,2.0,5.2,1.0,0.8,1.0,1.8,3.8
136,Kyle Kuzma,MIL,5,31.9,11.2,4.4,10.0,0.44,1.0,3.2,0.313,1.4,2.2,0.636,0.2,5.0,5.2,0.6,0.2,0.0,2.8,1.6
137,Donovan Mitchell,CLE,5,32.9,26.8,7.6,18.8,0.404,2.2,8.4,0.262,9.4,11.4,0.825,0.6,4.4,5.0,4.4,1.0,0.2,3.0,1.6
138,Kyshawn George,WAS,5,30.8,12.4,4.2,9.6,0.438,2.4,6.0,0.4,1.6,1.8,0.889,0.4,4.6,5.0,2.2,1.4,2.0,1.4,3.6
139,Jaylin Williams,OKC,5,16.9,7.0,2.4,4.6,0.522,1.8,3.4,0.529,0.4,1.0,0.4,0.4,4.6,5.0,2.6,0.6,0.8,0.6,1.2
140,Austin Reaves,LAL,5,30.3,15.0,4.4,12.0,0.367,2.4,6.0,0.4,3.8,4.2,0.905,1.0,4.0,5.0,3.0,0.2,0.4,1.8,1.8
141,Micah Potter,UTA,5,19.7,7.0,2.6,5.8,0.448,1.2,3.6,0.333,0.6,0.8,0.75,1.6,3.4,5.0,1.0,1.0,0.4,0.8,1.4
142,Kevon Looney,GOS,5,14.7,4.2,1.6,3.0,0.533,0.0,0.2,0.0,1.0,1.6,0.625,1.4,3.6,5.0,1.2,0.4,0.8,0.6,2.4
143,Taylor Hendricks,UTA,3,24.8,4.7,1.3,6.0,0.222,1.0,4.0,0.25,1.0,1.3,0.75,1.7,3.3,5.0,0.7,1.7,1.3,0.7,2.7
144,Damian Lillard,MIL,5,33.8,23.8,7.6,16.0,0.475,2.8,7.8,0.359,5.8,6.2,0.935,0.2,4.6,4.8,6.8,1.4,0.0,2.2,1.4
145,Derrick White,BOS,5,34.6,20.6,6.8,15.4,0.442,4.2,11.0,0.382,2.8,3.0,0.933,0.6,4.2,4.8,6.0,1.2,1.6,1.4,2.0
146,Brook Lopez,MIL,5,29.2,12.6,4.6,6.0,0.767,1.6,2.8,0.571,1.8,2.0,0.9,1.4,3.4,4.8,1.4,0.6,1.8,1.0,2.4
147,Trey Murphy III,NOP,5,35.5,20.8,7.4,15.8,0.468,1.8,6.4,0.281,4.2,4.8,0.875,1.2,3.6,4.8,1.8,0.4,1.0,2.4,1.6
148,Jeremy Sochan,SAS,5,22.4,10.2,4.4,8.0,0.55,0.6,1.8,0.333,0.8,1.6,0.5,1.6,3.2,4.8,2.2,0.4,0.4,1.2,2.4
149,Johnny Juzang,UTA,5,23.1,11.8,4.2,9.0,0.467,2.0,5.4,0.37,1.4,1.8,0.778,0.6,4.2,4.8,0.6,0.6,0.2,0.8,2.0
150,Trendon Watford,BRK,5,19.8,7.6,2.6,6.8,0.382,0.8,2.6,0.308,1.6,2.0,0.8,1.6,3.2,4.8,3.4,1.0,0.2,1.8,1.8
151,Keegan Murray,SAC,5,35.2,11.0,4.4,10.8,0.407,1.8,5.8,0.31,0.4,0.4,1.0,1.8,3.0,4.8,1.0,0.2,1.2,0.6,3.0
152,Jamison Battle,TOR,5,21.1,9.8,3.6,8.4,0.429,2.6,6.4,0.406,0.0,0.0,0.0,1.6,3.2,4.8,0.4,0.0,0.4,0.8,1.8
153,Matas Buzelis,CHI,5,26.3,11.0,4.2,10.0,0.42,0.8,4.4,0.182,1.8,1.8,1.0,1.2,3.6,4.8,1.6,0.0,1.0,1.4,3.6
154,Ja'Kobe Walter,TOR,5,24.5,9.6,3.0,7.8,0.385,1.0,2.8,0.357,2.6,3.0,0.867,2.2,2.6,4.8,1.0,0.8,0.2,1.8,2.2
155,Mohamed Bamba,NOP,5,15.6,4.0,1.4,3.2,0.438,0.6,1.6,0.375,0.6,0.8,0.75,1.2,3.6,4.8,0.6,0.0,1.6,0.6,2.4
156,Shai Gilgeous-Alexander,OKC,5,36.1,38.2,13.2,24.2,0.545,3.0,7.8,0.385,8.8,9.0,0.978,1.2,3.4,4.6,6.8,1.0,1.2,3.0,2.8
157,Quentin Grimes,PHL,5,33.7,25.0,9.0,18.0,0.5,3.0,8.0,0.375,4.0,4.4,0.909,0.8,3.8,4.6,4.2,2.4,0.8,3.6,2.2
158,Ziaire Williams,BRK,5,29.5,12.2,4.4,9.4,0.468,2.4,6.6,0.364,1.0,1.0,1.0,1.2,3.4,4.6,1.6,0.6,0.8,0.6,2.6
159,Isaiah Stewart II,DET,5,19.7,6.6,2.4,4.4,0.545,0.0,0.6,0.0,1.8,2.4,0.75,1.4,3.2,4.6,2.4,0.4,1.4,0.8,2.0
160,"Larry Nance, Jr.",ATL,5,19.7,9.2,3.8,6.8,0.559,1.4,3.2,0.438,0.2,0.6,0.333,1.0,3.6,4.6,1.8,0.4,0.2,0.6,2.0
161,Toumani Camara,POR,5,33.8,9.4,3.2,9.8,0.327,1.4,5.4,0.259,1.6,2.6,0.615,1.6,3.0,4.6,3.0,1.2,1.0,1.2,3.4
162,Charles Bassey,SAS,5,10.8,4.6,2.0,3.4,0.588,0.0,0.0,0.0,0.6,0.8,0.75,1.8,2.8,4.6,1.0,0.4,0.2,0.4,1.0
163,Quinten Post,GOS,5,20.5,8.0,3.0,7.8,0.385,1.8,4.6,0.391,0.2,0.8,0.25,1.0,3.6,4.6,1.0,0.6,1.4,1.2,3.0
164,Precious Achiuwa,NYK,5,12.9,4.4,2.0,4.4,0.455,0.0,0.4,0.0,0.4,0.4,1.0,1.4,3.2,4.6,0.4,0.0,0.4,0.0,1.0
165,De'Aaron Fox,SAS,5,32.6,19.8,7.8,15.8,0.494,1.6,5.2,0.308,2.6,3.0,0.867,0.6,3.8,4.4,7.4,0.4,0.0,2.0,2.2
166,Immanuel Quickley,TOR,5,29.8,22.2,6.6,15.2,0.434,3.4,8.8,0.386,5.6,6.6,0.848,0.8,3.6,4.4,4.8,0.6,0.0,1.6,2.4
167,Moses Moody,GOS,5,30.2,13.6,4.4,8.6,0.512,2.2,5.0,0.44,2.6,2.8,0.929,1.4,3.0,4.4,2.6,1.4,0.2,0.8,1.6
168,Kessler Edwards,DAL,5,29.7,13.4,5.2,8.6,0.605,1.6,2.6,0.615,1.4,1.6,0.875,1.0,3.4,4.4,2.2,1.2,0.6,0.8,2.8
169,Keyonte George,UTA,5,29.8,17.6,5.2,14.6,0.356,2.4,7.6,0.316,4.8,6.2,0.774,0.4,4.0,4.4,5.8,0.8,0.0,2.2,1.2
170,Khris Middleton,WAS,5,24.4,13.2,4.8,10.4,0.462,0.8,3.4,0.235,2.8,3.2,0.875,1.0,3.4,4.4,3.8,1.8,0.2,1.4,1.6
171,Dalton Knecht,LAL,5,26.7,12.4,5.0,9.6,0.521,2.2,5.8,0.379,0.2,0.8,0.25,0.6,3.8,4.4,1.8,0.0,0.2,0.6,1.2
172,Max Strus,CLE,5,25.1,10.4,3.2,7.8,0.41,2.6,6.8,0.382,1.4,1.4,1.0,1.4,3.0,4.4,2.8,0.4,0.0,1.0,1.8
173,Kevin Huerter,CHI,5,30.0,14.0,4.8,12.6,0.381,2.6,8.4,0.31,1.8,2.2,0.818,0.6,3.8,4.4,1.8,1.6,0.4,1.6,1.8
174,Gradey Dick,TOR,5,27.5,9.2,3.2,8.6,0.372,2.0,5.0,0.4,0.8,1.6,0.5,0.6,3.8,4.4,1.8,0.6,0.0,1.2,1.6
175,Jonathan Mogbo,TOR,5,19.7,5.0,2.2,5.0,0.44,0.0,1.2,0.0,0.6,0.8,0.75,1.4,3.0,4.4,0.8,1.4,0.6,1.0,2.0
176,Jalen Brunson,NYK,5,38.7,30.4,10.6,21.8,0.486,2.0,7.2,0.278,7.2,8.2,0.878,0.4,3.8,4.2,7.2,1.4,0.2,3.0,2.0
177,Jordan Poole,WAS,5,26.9,21.2,7.0,15.4,0.455,3.8,9.4,0.404,3.4,3.6,0.944,0.8,3.4,4.2,3.2,1.6,0.4,2.0,2.6
178,Jaden Ivey,DET,5,27.9,19.2,7.4,12.4,0.597,3.2,5.2,0.615,1.2,1.6,0.75,1.6,2.6,4.2,3.0,0.8,0.2,2.8,1.2
179,Donte DiVincenzo,MIN,5,27.6,14.0,5.0,9.8,0.51,3.4,7.0,0.486,0.6,1.2,0.5,0.6,3.6,4.2,4.4,0.6,0.6,1.0,2.4
180,Vit Krejci,ATL,5,22.5,10.0,3.4,6.0,0.567,2.6,5.0,0.52,0.6,1.2,0.5,0.2,4.0,4.2,3.6,0.6,0.6,1.0,1.8
181,Luguentz Dort,OKC,5,33.2,11.8,4.2,10.2,0.412,3.4,8.2,0.415,0.0,0.4,0.0,1.2,3.0,4.2,1.6,1.4,0.4,0.6,2.2
182,Georges Niang,ATL,5,24.9,13.6,5.0,10.6,0.472,2.4,6.2,0.387,1.2,1.6,0.75,0.8,3.4,4.2,2.4,0.2,0.2,1.0,2.4
183,Bennedict Mathurin,IND,5,25.5,14.0,4.4,11.4,0.386,1.4,3.4,0.412,3.8,4.2,0.905,1.0,3.2,4.2,2.6,0.6,0.2,2.2,1.8
184,Jordan Goodwin,LAL,5,19.9,7.2,2.8,5.6,0.5,1.6,3.0,0.533,0.0,0.0,0.0,1.4,2.8,4.2,1.2,1.4,0.2,1.2,1.8
185,Zaccharie Risacher,ATL,5,24.8,10.8,4.4,9.8,0.449,1.8,5.0,0.36,0.2,0.4,0.5,0.8,3.4,4.2,0.8,0.2,0.8,1.8,1.0
186,Daniel Theis,NOP,5,19.2,2.0,0.8,2.6,0.308,0.0,0.6,0.0,0.4,0.4,1.0,1.4,2.8,4.2,2.6,0.6,0.4,0.8,2.6
187,DeAndre Jordan,DEN,5,8.5,1.6,0.6,1.2,0.5,0.0,0.0,0.0,0.4,1.2,0.333,1.6,2.6,4.2,0.2,0.2,0.2,0.8,0.6
188,Zach LaVine,SAC,5,38.4,23.4,8.6,15.2,0.566,3.4,6.6,0.515,2.8,3.0,0.933,0.2,3.8,4.0,3.4,0.4,0.2,3.2,1.2
189,"Jaren Jackson, Jr.",MEM,5,25.5,22.0,8.2,14.4,0.569,2.0,4.2,0.476,3.6,5.0,0.72,0.6,3.4,4.0,1.6,1.0,1.4,1.2,3.2
190,Aaron Gordon,DEN,5,27.4,18.0,7.0,12.6,0.556,3.0,5.6,0.536,1.0,1.2,0.833,1.2,2.8,4.0,1.8,0.6,0.2,1.2,1.8
191,Brandon Ingram,NOP,5,32.4,20.2,7.0,15.4,0.455,2.2,4.8,0.458,4.0,5.0,0.8,0.6,3.4,4.0,5.0,1.2,0.8,4.6,2.4
192,Josh Okogie,CHA,5,23.4,11.8,3.8,8.4,0.452,1.2,3.6,0.333,3.0,3.8,0.789,1.6,2.4,4.0,1.8,2.8,0.8,1.6,1.8
193,"Kevin Porter, Jr.",MIL,5,18.5,11.0,3.4,7.0,0.486,1.6,3.2,0.5,2.6,3.0,0.867,0.2,3.8,4.0,4.6,0.8,0.4,2.2,2.2
194,Royce O'Neale,PHX,5,26.8,7.0,2.4,5.8,0.414,2.2,5.2,0.423,0.0,0.0,0.0,0.6,3.4,4.0,4.2,1.4,0.2,0.6,1.8
195,Cole Anthony,ORL,5,27.0,13.8,4.8,11.0,0.436,1.8,4.2,0.429,2.4,2.4,1.0,1.0,3.0,4.0,4.0,0.6,1.6,2.2,3.6
196,Brice Sensabaugh,UTA,5,24.9,14.6,5.2,11.2,0.464,3.4,6.8,0.5,0.8,0.8,1.0,0.6,3.4,4.0,2.6,0.6,0.4,1.8,1.6
197,Mouhamed Gueye,ATL,5,21.2,9.0,3.0,6.0,0.5,1.4,3.4,0.412,1.6,2.0,0.8,1.2,2.8,4.0,1.2,1.8,1.6,0.4,2.4
198,Stephon Castle,SAS,5,27.6,16.8,6.4,13.2,0.485,1.2,4.4,0.273,2.8,5.0,0.56,1.8,2.2,4.0,4.0,1.2,0.0,2.0,3.6
199,Malik Monk,SAC,5,30.9,14.0,5.4,13.2,0.409,1.6,5.4,0.296,1.6,2.4,0.667,0.4,3.6,4.0,5.4,1.0,0.2,2.8,1.6
200,Jake LaRavia,SAC,5,26.0,9.8,3.6,7.4,0.486,1.8,3.8,0.474,0.8,1.2,0.667,2.0,2.0,4.0,1.8,1.2,0.0,0.6,2.2
